<root>
	<artist artist_id="1">
		<first_name>Jordan</first_name>
		<last_name>Rhodes</last_name>
		<plans>
			<plan plan_id="356" status="almost finished" priority="very low">
				<endproduct_name>The cyan terrible Box</endproduct_name>
				<basic_instruction>Please design me a Box</basic_instruction>
				<involved_worker svnr="5501261178" entrydate="2013-08-18" unique_feature="self-confident">
					<first_name>Ann</first_name>
					<last_name>Gates</last_name>
				</involved_worker>
			</plan>
		</plans>
	</artist>
	<artist artist_id="2">
		<first_name>Hannah</first_name>
		<last_name>Leonard</last_name>
		<plans/>
	</artist>
	<artist artist_id="3">
		<first_name>Joan</first_name>
		<last_name>King</last_name>
		<plans/>
	</artist>
	<artist artist_id="4">
		<first_name>Diane</first_name>
		<last_name>Beard</last_name>
		<plans>
			<plan plan_id="301" status="cancelled" priority="very low">
				<endproduct_name>The olive suspicious Smartphone</endproduct_name>
				<basic_instruction>I would like you to do for me a STL file with Smartphone</basic_instruction>
				<involved_worker svnr="1200261181" entrydate="2016-06-09" unique_feature="dull">
					<first_name>Judy</first_name>
					<last_name>Dixon</last_name>
				</involved_worker>
			</plan>
			<plan plan_id="908" status="ready to prepare" priority="low">
				<endproduct_name>The lime strange USB Stick</endproduct_name>
				<basic_instruction>Create a USB Stick</basic_instruction>
				<involved_worker svnr="6592261196" entrydate="2014-01-14" unique_feature="cautious">
					<first_name>Margaret</first_name>
					<last_name>Galloway</last_name>
				</involved_worker>
			</plan>
		</plans>
	</artist>
	<artist artist_id="5">
		<first_name>Natalie</first_name>
		<last_name>Logan</last_name>
		<plans>
			<plan plan_id="355" status="prepared" priority="very low">
				<endproduct_name>The cyan major Chips</endproduct_name>
				<basic_instruction>Please design me a Chips</basic_instruction>
				<involved_worker svnr="7678211183" entrydate="2015-08-17" unique_feature="sensible">
					<first_name>Kathleen</first_name>
					<last_name>Pickett</last_name>
				</involved_worker>
			</plan>
			<plan plan_id="844" status="prepared" priority="high">
				<endproduct_name>The green more Webcam</endproduct_name>
				<basic_instruction>Create a Webcam</basic_instruction>
				<involved_worker svnr="8394181096" entrydate="2018-11-05" unique_feature="moody">
					<first_name>Ruth</first_name>
					<last_name>Foreman</last_name>
				</involved_worker>
			</plan>
		</plans>
	</artist>
	<artist artist_id="6">
		<first_name>Kenneth</first_name>
		<last_name>Shields</last_name>
		<plans/>
	</artist>
	<artist artist_id="7">
		<first_name>Olivia</first_name>
		<last_name>Miles</last_name>
		<plans>
			<plan plan_id="415" status="working" priority="very low">
				<endproduct_name>The cyan dry Hoover</endproduct_name>
				<basic_instruction>Make a Hoover</basic_instruction>
				<involved_worker svnr="4092211189" entrydate="2016-01-18" unique_feature="trustworthy">
					<first_name>Sharon</first_name>
					<last_name>Huff</last_name>
				</involved_worker>
			</plan>
		</plans>
	</artist>
	<artist artist_id="8">
		<first_name>Frank</first_name>
		<last_name>King</last_name>
		<plans>
			<plan plan_id="782" status="working" priority="high">
				<endproduct_name>The olive over Bag</endproduct_name>
				<basic_instruction>Make a Bag</basic_instruction>
				<involved_worker svnr="3503231182" entrydate="2014-10-02" unique_feature="selfish">
					<first_name>Karen</first_name>
					<last_name>Lindsey</last_name>
				</involved_worker>
			</plan>
		</plans>
	</artist>
	<artist artist_id="9">
		<first_name>Christina</first_name>
		<last_name>Lawson</last_name>
		<plans/>
	</artist>
	<artist artist_id="10">
		<first_name>Carl</first_name>
		<last_name>Shields</last_name>
		<plans>
			<plan plan_id="110" status="almost finished" priority="very low">
				<endproduct_name>The orange emergency Box</endproduct_name>
				<basic_instruction>Make a Box</basic_instruction>
				<involved_worker svnr="4725111192" entrydate="2016-06-08" unique_feature="ambitious">
					<first_name>Marilyn</first_name>
					<last_name>Benjamin</last_name>
				</involved_worker>
			</plan>
			<plan plan_id="378" status="prepared" priority="low">
				<endproduct_name>The cyan thick Latex Book</endproduct_name>
				<basic_instruction>Make a Latex Book</basic_instruction>
				<involved_worker svnr="4686151077" entrydate="2016-07-24" unique_feature="sensible">
					<first_name>Shirley</first_name>
					<last_name>Strickland</last_name>
				</involved_worker>
			</plan>
			<plan plan_id="490" status="cancelled" priority="high">
				<endproduct_name>The orange new Keyboard</endproduct_name>
				<basic_instruction>Create a Keyboard</basic_instruction>
				<involved_worker svnr="8211211273" entrydate="2014-02-07" unique_feature="cheerful">
					<first_name>Donna</first_name>
					<last_name>Spencer</last_name>
				</involved_worker>
			</plan>
			<plan plan_id="672" status="prepared" priority="very low">
				<endproduct_name>The tan incident Wallet</endproduct_name>
				<basic_instruction>Please design me a Wallet</basic_instruction>
				<involved_worker svnr="8872191078" entrydate="2015-07-13" unique_feature="strict">
					<first_name>Samuel</first_name>
					<last_name>Acosta</last_name>
				</involved_worker>
			</plan>
		</plans>
	</artist>
	<artist artist_id="11">
		<first_name>Elizabeth</first_name>
		<last_name>Tyler</last_name>
		<plans>
			<plan plan_id="417" status="prepared" priority="very low">
				<endproduct_name>The white leather USB Stick</endproduct_name>
				<basic_instruction>Make a USB Stick</basic_instruction>
				<involved_worker svnr="3529131291" entrydate="2014-09-05" unique_feature="big-headed">
					<first_name>Barbara</first_name>
					<last_name>Anthony</last_name>
				</involved_worker>
			</plan>
		</plans>
	</artist>
	<artist artist_id="12">
		<first_name>Jeremy</first_name>
		<last_name>Walter</last_name>
		<plans>
			<plan plan_id="233" status="almost finished" priority="very low">
				<endproduct_name>The silver good Clock</endproduct_name>
				<basic_instruction>Create a Clock</basic_instruction>
				<involved_worker svnr="3262201098" entrydate="2013-04-14" unique_feature="flirtatious">
					<first_name>Alexander</first_name>
					<last_name>Melendez</last_name>
				</involved_worker>
			</plan>
			<plan plan_id="619" status="cancelled" priority="very low">
				<endproduct_name>The olive decent Smartphone</endproduct_name>
				<basic_instruction>Please design me a Smartphone</basic_instruction>
				<involved_worker svnr="9776261095" entrydate="2016-05-03" unique_feature="polite">
					<first_name>Natalie</first_name>
					<last_name>Mcmillan</last_name>
				</involved_worker>
			</plan>
			<plan plan_id="705" status="prepared" priority="low">
				<endproduct_name>The cyan economy Clock</endproduct_name>
				<basic_instruction>I would like you to do for me a STL file with Clock</basic_instruction>
				<involved_worker svnr="8153271084" entrydate="2017-11-02" unique_feature="very cruel">
					<first_name>Joyce</first_name>
					<last_name>Mcmillan</last_name>
				</involved_worker>
			</plan>
			<plan plan_id="714" status="cancelled" priority="medium">
				<endproduct_name>The red resident Chips</endproduct_name>
				<basic_instruction>I would like you to do for me a STL file with Chips</basic_instruction>
				<involved_worker svnr="6290221080" entrydate="2015-11-08" unique_feature="kind">
					<first_name>Danielle</first_name>
					<last_name>Keller</last_name>
				</involved_worker>
			</plan>
		</plans>
	</artist>
	<artist artist_id="13">
		<first_name>Joyce</first_name>
		<last_name>Cummings</last_name>
		<plans/>
	</artist>
	<artist artist_id="14">
		<first_name>Judy</first_name>
		<last_name>Melendez</last_name>
		<plans>
			<plan plan_id="363" status="almost finished" priority="very high">
				<endproduct_name>The aquamarine straight Helmet</endproduct_name>
				<basic_instruction>Make a Helmet</basic_instruction>
				<involved_worker svnr="5334211096" entrydate="2014-07-14" unique_feature="selfish">
					<first_name>Heather</first_name>
					<last_name>Foley</last_name>
				</involved_worker>
			</plan>
		</plans>
	</artist>
	<artist artist_id="15">
		<first_name>Frank</first_name>
		<last_name>Dickson</last_name>
		<plans>
			<plan plan_id="344" status="working" priority="high">
				<endproduct_name>The maroon political Ultrasonic Sensors for Mbot</endproduct_name>
				<basic_instruction>Create a Ultrasonic Sensors for Mbot</basic_instruction>
				<involved_worker svnr="5006221098" entrydate="2015-03-02" unique_feature="cheerful">
					<first_name>Kyle</first_name>
					<last_name>Roy</last_name>
				</involved_worker>
			</plan>
			<plan plan_id="424" status="cancelled" priority="medium">
				<endproduct_name>The tan specialist Guitar</endproduct_name>
				<basic_instruction>I would like you to do for me a STL file with Guitar</basic_instruction>
				<involved_worker svnr="6280141087" entrydate="2017-06-07" unique_feature="quarrelsome">
					<first_name>Jesse</first_name>
					<last_name>Wallace</last_name>
				</involved_worker>
			</plan>
			<plan plan_id="638" status="working" priority="medium">
				<endproduct_name>The aquamarine personal Spoon</endproduct_name>
				<basic_instruction>Please design me a Spoon</basic_instruction>
				<involved_worker svnr="9597151194" entrydate="2017-03-01" unique_feature="laid-back">
					<first_name>Amanda</first_name>
					<last_name>Cannon</last_name>
				</involved_worker>
			</plan>
		</plans>
	</artist>
	<artist artist_id="16">
		<first_name>Sandra</first_name>
		<last_name>Morton</last_name>
		<plans>
			<plan plan_id="534" status="finished" priority="medium">
				<endproduct_name>The violet overall Dog</endproduct_name>
				<basic_instruction>I would like you to do for me a STL file with Dog</basic_instruction>
				<involved_worker svnr="1790181189" entrydate="2016-07-18" unique_feature="bad-tempered">
					<first_name>Christine</first_name>
					<last_name>Ashley</last_name>
				</involved_worker>
			</plan>
			<plan plan_id="786" status="ready to prepare" priority="very high">
				<endproduct_name>The magenta double Spoon</endproduct_name>
				<basic_instruction>Please design me a Spoon</basic_instruction>
				<involved_worker svnr="9108151298" entrydate="2016-12-20" unique_feature="charming">
					<first_name>Lori</first_name>
					<last_name>Smith</last_name>
				</involved_worker>
			</plan>
			<plan plan_id="896" status="cancelled" priority="high">
				<endproduct_name>The turquoise hard Latex Book</endproduct_name>
				<basic_instruction>Please design me a Latex Book</basic_instruction>
				<involved_worker svnr="3797231077" entrydate="2018-02-09" unique_feature="naive">
					<first_name>Olivia</first_name>
					<last_name>Short</last_name>
				</involved_worker>
			</plan>
		</plans>
	</artist>
	<artist artist_id="17">
		<first_name>Jerry</first_name>
		<last_name>Myers</last_name>
		<plans>
			<plan plan_id="218" status="prepared" priority="very low">
				<endproduct_name>The magenta leading CD Elton John</endproduct_name>
				<basic_instruction>I would like you to do for me a STL file with CD Elton John</basic_instruction>
				<involved_worker svnr="7980211091" entrydate="2014-03-17" unique_feature="cruel">
					<first_name>Nathan</first_name>
					<last_name>Marshall</last_name>
				</involved_worker>
			</plan>
			<plan plan_id="315" status="finished" priority="low">
				<endproduct_name>The lime traditional Keyboard</endproduct_name>
				<basic_instruction>Make a Keyboard</basic_instruction>
				<involved_worker svnr="1359191195" entrydate="2013-11-02" unique_feature="trustworthy">
					<first_name>Michael</first_name>
					<last_name>Curtis</last_name>
				</involved_worker>
			</plan>
			<plan plan_id="439" status="prepared" priority="medium">
				<endproduct_name>The yellow car Computer</endproduct_name>
				<basic_instruction>Create a Computer</basic_instruction>
				<involved_worker svnr="4566121276" entrydate="2016-06-21" unique_feature="selfish">
					<first_name>Walter</first_name>
					<last_name>Johnston</last_name>
				</involved_worker>
			</plan>
			<plan plan_id="446" status="prepared" priority="medium">
				<endproduct_name>The pink expensive Cable</endproduct_name>
				<basic_instruction>Make a Cable</basic_instruction>
				<involved_worker svnr="1687271192" entrydate="2015-06-19" unique_feature="moody">
					<first_name>Austin</first_name>
					<last_name>Frank</last_name>
				</involved_worker>
			</plan>
			<plan plan_id="737" status="almost finished" priority="low">
				<endproduct_name>The gray numerous Cable</endproduct_name>
				<basic_instruction>Create a Cable</basic_instruction>
				<involved_worker svnr="6030221279" entrydate="2015-06-17" unique_feature="conventional">
					<first_name>Anthony</first_name>
					<last_name>Chase</last_name>
				</involved_worker>
			</plan>
		</plans>
	</artist>
	<artist artist_id="18">
		<first_name>Zachary</first_name>
		<last_name>Bullock</last_name>
		<plans>
			<plan plan_id="213" status="almost finished" priority="medium">
				<endproduct_name>The turquoise just Bag</endproduct_name>
				<basic_instruction>Create a Bag</basic_instruction>
				<involved_worker svnr="9771261080" entrydate="2018-05-18" unique_feature="sympathetic (understanding)">
					<first_name>Elizabeth</first_name>
					<last_name>Lawrence</last_name>
				</involved_worker>
			</plan>
			<plan plan_id="360" status="prepared" priority="high">
				<endproduct_name>The indigo initial Lamp</endproduct_name>
				<basic_instruction>Create a Lamp</basic_instruction>
				<involved_worker svnr="6111201179" entrydate="2015-08-14" unique_feature="nuts">
					<first_name>Philip</first_name>
					<last_name>Fry</last_name>
				</involved_worker>
			</plan>
			<plan plan_id="1000" status="almost finished" priority="medium">
				<endproduct_name>The maroon spare Keyboard</endproduct_name>
				<basic_instruction>Create a Keyboard</basic_instruction>
				<involved_worker svnr="1506111189" entrydate="2017-04-25" unique_feature="narrow-minded">
					<first_name>Debra</first_name>
					<last_name>Torres</last_name>
				</involved_worker>
			</plan>
		</plans>
	</artist>
	<artist artist_id="19">
		<first_name>Edward</first_name>
		<last_name>Frost</last_name>
		<plans>
			<plan plan_id="42" status="ready to prepare" priority="very high">
				<endproduct_name>The navy standard Guitar</endproduct_name>
				<basic_instruction>Make a Guitar</basic_instruction>
				<involved_worker svnr="1200261181" entrydate="2016-06-09" unique_feature="dull">
					<first_name>Judy</first_name>
					<last_name>Dixon</last_name>
				</involved_worker>
			</plan>
			<plan plan_id="407" status="prepared" priority="high">
				<endproduct_name>The silver total Webcam</endproduct_name>
				<basic_instruction>Please design me a Webcam</basic_instruction>
				<involved_worker svnr="8523111096" entrydate="2015-09-04" unique_feature="strict">
					<first_name>Christina</first_name>
					<last_name>Beach</last_name>
				</involved_worker>
			</plan>
			<plan plan_id="821" status="ready to prepare" priority="high">
				<endproduct_name>The navy better USB Stick</endproduct_name>
				<basic_instruction>I would like you to do for me a STL file with USB Stick</basic_instruction>
				<involved_worker svnr="6091171295" entrydate="2014-04-21" unique_feature="bitchy">
					<first_name>Billy</first_name>
					<last_name>Franklin</last_name>
				</involved_worker>
			</plan>
		</plans>
	</artist>
	<artist artist_id="20">
		<first_name>Carol</first_name>
		<last_name>Forbes</last_name>
		<plans>
			<plan plan_id="164" status="cancelled" priority="very low">
				<endproduct_name>The blue enough Latex Book</endproduct_name>
				<basic_instruction>Please design me a Latex Book</basic_instruction>
				<involved_worker svnr="8893171292" entrydate="2018-05-04" unique_feature="mean">
					<first_name>Danielle</first_name>
					<last_name>Stevens</last_name>
				</involved_worker>
			</plan>
			<plan plan_id="269" status="ready to prepare" priority="very high">
				<endproduct_name>The maroon red Webcam</endproduct_name>
				<basic_instruction>Please design me a Webcam</basic_instruction>
				<involved_worker svnr="4529261192" entrydate="2018-01-18" unique_feature="charming">
					<first_name>Donna</first_name>
					<last_name>Craft</last_name>
				</involved_worker>
			</plan>
			<plan plan_id="543" status="ready to prepare" priority="medium">
				<endproduct_name>The aquamarine common Toast</endproduct_name>
				<basic_instruction>Please design me a Toast</basic_instruction>
				<involved_worker svnr="8198131173" entrydate="2016-04-05" unique_feature="carefree">
					<first_name>Kenneth</first_name>
					<last_name>Fletcher</last_name>
				</involved_worker>
			</plan>
			<plan plan_id="552" status="prepared" priority="very high">
				<endproduct_name>The orange opening Box</endproduct_name>
				<basic_instruction>Please design me a Box</basic_instruction>
				<involved_worker svnr="9495151293" entrydate="2013-05-07" unique_feature="sensible">
					<first_name>Barbara</first_name>
					<last_name>Greer</last_name>
				</involved_worker>
			</plan>
			<plan plan_id="697" status="ready to prepare" priority="very low">
				<endproduct_name>The indigo global USB Stick</endproduct_name>
				<basic_instruction>Make a USB Stick</basic_instruction>
				<involved_worker svnr="9100241071" entrydate="2018-04-19" unique_feature="bitchy">
					<first_name>Donald</first_name>
					<last_name>Watkins</last_name>
				</involved_worker>
			</plan>
			<plan plan_id="899" status="cancelled" priority="low">
				<endproduct_name>The violet private Smartphone</endproduct_name>
				<basic_instruction>Please design me a Smartphone</basic_instruction>
				<involved_worker svnr="8775241170" entrydate="2018-05-09" unique_feature="dull">
					<first_name>Susan</first_name>
					<last_name>Hunt</last_name>
				</involved_worker>
			</plan>
		</plans>
	</artist>
	<artist artist_id="21">
		<first_name>Gabriel</first_name>
		<last_name>Koch</last_name>
		<plans>
			<plan plan_id="370" status="ready to prepare" priority="medium">
				<endproduct_name>The lime unique Lamp</endproduct_name>
				<basic_instruction>Create a Lamp</basic_instruction>
				<involved_worker svnr="1025131095" entrydate="2018-04-25" unique_feature="crazy">
					<first_name>Raymond</first_name>
					<last_name>Richardson</last_name>
				</involved_worker>
			</plan>
		</plans>
	</artist>
	<artist artist_id="22">
		<first_name>Judith</first_name>
		<last_name>Pitts</last_name>
		<plans>
			<plan plan_id="272" status="cancelled" priority="very low">
				<endproduct_name>The pink first Guitar</endproduct_name>
				<basic_instruction>Create a Guitar</basic_instruction>
				<involved_worker svnr="4568151178" entrydate="2016-02-19" unique_feature="honest">
					<first_name>Denise</first_name>
					<last_name>Ingram</last_name>
				</involved_worker>
			</plan>
			<plan plan_id="525" status="cancelled" priority="high">
				<endproduct_name>The tan chicken Clock</endproduct_name>
				<basic_instruction>Make a Clock</basic_instruction>
				<involved_worker svnr="6673131287" entrydate="2013-07-22" unique_feature="sympathetic (understanding)">
					<first_name>Nicholas</first_name>
					<last_name>Quinn</last_name>
				</involved_worker>
			</plan>
			<plan plan_id="655" status="cancelled" priority="very low">
				<endproduct_name>The indigo glad Latex Book</endproduct_name>
				<basic_instruction>I would like you to do for me a STL file with Latex Book</basic_instruction>
				<involved_worker svnr="6725221170" entrydate="2013-07-02" unique_feature="big-headed">
					<first_name>Hannah</first_name>
					<last_name>Holland</last_name>
				</involved_worker>
			</plan>
			<plan plan_id="972" status="almost finished" priority="medium">
				<endproduct_name>The magenta temporary Computer</endproduct_name>
				<basic_instruction>Create a Computer</basic_instruction>
				<involved_worker svnr="5751261096" entrydate="2013-11-14" unique_feature="trustworthy">
					<first_name>Billy</first_name>
					<last_name>Shaffer</last_name>
				</involved_worker>
			</plan>
		</plans>
	</artist>
	<artist artist_id="23">
		<first_name>Laura</first_name>
		<last_name>Dorsey</last_name>
		<plans>
			<plan plan_id="614" status="cancelled" priority="medium">
				<endproduct_name>The turquoise sharp Wallet</endproduct_name>
				<basic_instruction>Please design me a Wallet</basic_instruction>
				<involved_worker svnr="3614121194" entrydate="2014-08-11" unique_feature="selfish">
					<first_name>Jack</first_name>
					<last_name>Webster</last_name>
				</involved_worker>
			</plan>
		</plans>
	</artist>
	<artist artist_id="24">
		<first_name>Alice</first_name>
		<last_name>Decker</last_name>
		<plans>
			<plan plan_id="476" status="ready to prepare" priority="medium">
				<endproduct_name>The brown sweet Computer</endproduct_name>
				<basic_instruction>Make a Computer</basic_instruction>
				<involved_worker svnr="1212211286" entrydate="2016-07-18" unique_feature="friendly">
					<first_name>Tyler</first_name>
					<last_name>Richards</last_name>
				</involved_worker>
			</plan>
		</plans>
	</artist>
	<artist artist_id="25">
		<first_name>Evelyn</first_name>
		<last_name>Wiley</last_name>
		<plans>
			<plan plan_id="82" status="finished" priority="medium">
				<endproduct_name>The navy narrow Monitor</endproduct_name>
				<basic_instruction>I would like you to do for me a STL file with Monitor</basic_instruction>
				<involved_worker svnr="8516221276" entrydate="2014-05-15" unique_feature="self-confident">
					<first_name>Ralph</first_name>
					<last_name>Bryan</last_name>
				</involved_worker>
			</plan>
			<plan plan_id="869" status="finished" priority="very low">
				<endproduct_name>The green chicken Hoover</endproduct_name>
				<basic_instruction>Create a Hoover</basic_instruction>
				<involved_worker svnr="2123261281" entrydate="2016-04-21" unique_feature="sensitive">
					<first_name>Ronald</first_name>
					<last_name>Robertson</last_name>
				</involved_worker>
			</plan>
		</plans>
	</artist>
	<artist artist_id="26">
		<first_name>Robert</first_name>
		<last_name>Simon</last_name>
		<plans>
			<plan plan_id="744" status="ready to prepare" priority="very low">
				<endproduct_name>The green massive Ultrasonic Sensors for Mbot</endproduct_name>
				<basic_instruction>I would like you to do for me a STL file with Ultrasonic Sensors for Mbot</basic_instruction>
				<involved_worker svnr="8894241280" entrydate="2014-09-23" unique_feature="mean">
					<first_name>Roger</first_name>
					<last_name>Castillo</last_name>
				</involved_worker>
			</plan>
			<plan plan_id="993" status="prepared" priority="medium">
				<endproduct_name>The pink otherwise Printer</endproduct_name>
				<basic_instruction>I would like you to do for me a STL file with Printer</basic_instruction>
				<involved_worker svnr="8954141277" entrydate="2013-09-01" unique_feature="boring">
					<first_name>Amanda</first_name>
					<last_name>Christian</last_name>
				</involved_worker>
			</plan>
		</plans>
	</artist>
	<artist artist_id="27">
		<first_name>Kathleen</first_name>
		<last_name>Spears</last_name>
		<plans>
			<plan plan_id="884" status="working" priority="low">
				<endproduct_name>The green loose Keyboard</endproduct_name>
				<basic_instruction>Please design me a Keyboard</basic_instruction>
				<involved_worker svnr="4568151178" entrydate="2016-02-19" unique_feature="honest">
					<first_name>Denise</first_name>
					<last_name>Ingram</last_name>
				</involved_worker>
			</plan>
		</plans>
	</artist>
	<artist artist_id="28">
		<first_name>Madison</first_name>
		<last_name>Osborne</last_name>
		<plans>
			<plan plan_id="183" status="working" priority="very high">
				<endproduct_name>The pink male USB Stick</endproduct_name>
				<basic_instruction>I would like you to do for me a STL file with USB Stick</basic_instruction>
				<involved_worker svnr="1407261170" entrydate="2015-07-13" unique_feature="sympathetic (understanding)">
					<first_name>Anthony</first_name>
					<last_name>Hart</last_name>
				</involved_worker>
			</plan>
			<plan plan_id="931" status="finished" priority="medium">
				<endproduct_name>The navy single Wallet</endproduct_name>
				<basic_instruction>Please design me a Wallet</basic_instruction>
				<involved_worker svnr="7731251172" entrydate="2014-07-23" unique_feature="modest">
					<first_name>Patrick</first_name>
					<last_name>Hunter</last_name>
				</involved_worker>
			</plan>
		</plans>
	</artist>
	<artist artist_id="29">
		<first_name>Nathan</first_name>
		<last_name>Cotton</last_name>
		<plans>
			<plan plan_id="118" status="finished" priority="very high">
				<endproduct_name>The teal animal Guitar</endproduct_name>
				<basic_instruction>Please design me a Guitar</basic_instruction>
				<involved_worker svnr="4517231171" entrydate="2017-11-14" unique_feature="brave">
					<first_name>Cheryl</first_name>
					<last_name>Mooney</last_name>
				</involved_worker>
			</plan>
			<plan plan_id="935" status="prepared" priority="medium">
				<endproduct_name>The brown little Helmet</endproduct_name>
				<basic_instruction>Please design me a Helmet</basic_instruction>
				<involved_worker svnr="5519241293" entrydate="2017-06-08" unique_feature="conceited">
					<first_name>Willie</first_name>
					<last_name>Parker</last_name>
				</involved_worker>
			</plan>
		</plans>
	</artist>
	<artist artist_id="30">
		<first_name>Pamela</first_name>
		<last_name>Lee</last_name>
		<plans>
			<plan plan_id="553" status="cancelled" priority="very high">
				<endproduct_name>The olive common Dog</endproduct_name>
				<basic_instruction>Please design me a Dog</basic_instruction>
				<involved_worker svnr="3891141074" entrydate="2014-11-24" unique_feature="boring">
					<first_name>Lawrence</first_name>
					<last_name>Petty</last_name>
				</involved_worker>
			</plan>
			<plan plan_id="570" status="ready to prepare" priority="very high">
				<endproduct_name>The magenta gold Cable</endproduct_name>
				<basic_instruction>I would like you to do for me a STL file with Cable</basic_instruction>
				<involved_worker svnr="2809251197" entrydate="2015-07-18" unique_feature="generous">
					<first_name>Heather</first_name>
					<last_name>Alvarez</last_name>
				</involved_worker>
			</plan>
		</plans>
	</artist>
	<artist artist_id="31">
		<first_name>Justin</first_name>
		<last_name>Gomez</last_name>
		<plans>
			<plan plan_id="222" status="finished" priority="medium">
				<endproduct_name>The white sea Bag</endproduct_name>
				<basic_instruction>Make a Bag</basic_instruction>
				<involved_worker svnr="4796131095" entrydate="2018-03-09" unique_feature="proud">
					<first_name>Paul</first_name>
					<last_name>Burke</last_name>
				</involved_worker>
			</plan>
		</plans>
	</artist>
	<artist artist_id="32">
		<first_name>Kayla</first_name>
		<last_name>Koch</last_name>
		<plans>
			<plan plan_id="11" status="cancelled" priority="very low">
				<endproduct_name>The yellow ready Monitor</endproduct_name>
				<basic_instruction>I would like you to do for me a STL file with Monitor</basic_instruction>
				<involved_worker svnr="5044211171" entrydate="2016-08-15" unique_feature="modest">
					<first_name>Evelyn</first_name>
					<last_name>Ashley</last_name>
				</involved_worker>
			</plan>
			<plan plan_id="484" status="cancelled" priority="very high">
				<endproduct_name>The lime certain Bag</endproduct_name>
				<basic_instruction>I would like you to do for me a STL file with Bag</basic_instruction>
				<involved_worker svnr="1358151195" entrydate="2017-06-22" unique_feature="proud">
					<first_name>Joyce</first_name>
					<last_name>Albert</last_name>
				</involved_worker>
			</plan>
			<plan plan_id="663" status="working" priority="medium">
				<endproduct_name>The purple popular CD Elton John</endproduct_name>
				<basic_instruction>Make a CD Elton John</basic_instruction>
				<involved_worker svnr="6921261179" entrydate="2015-03-20" unique_feature="nuts">
					<first_name>Wayne</first_name>
					<last_name>Spears</last_name>
				</involved_worker>
			</plan>
			<plan plan_id="702" status="almost finished" priority="high">
				<endproduct_name>The navy over Computer</endproduct_name>
				<basic_instruction>Make a Computer</basic_instruction>
				<involved_worker svnr="9771261080" entrydate="2018-05-18" unique_feature="sympathetic (understanding)">
					<first_name>Elizabeth</first_name>
					<last_name>Lawrence</last_name>
				</involved_worker>
			</plan>
		</plans>
	</artist>
	<artist artist_id="33">
		<first_name>Louis</first_name>
		<last_name>Stokes</last_name>
		<plans>
			<plan plan_id="60" status="ready to prepare" priority="low">
				<endproduct_name>The teal present Guitar</endproduct_name>
				<basic_instruction>Make a Guitar</basic_instruction>
				<involved_worker svnr="6280201299" entrydate="2013-04-18" unique_feature="mean">
					<first_name>Kenneth</first_name>
					<last_name>Leblanc</last_name>
				</involved_worker>
			</plan>
			<plan plan_id="886" status="prepared" priority="very low">
				<endproduct_name>The pink public Spoon</endproduct_name>
				<basic_instruction>I would like you to do for me a STL file with Spoon</basic_instruction>
				<involved_worker svnr="4118121299" entrydate="2016-08-14" unique_feature="two-faced">
					<first_name>Walter</first_name>
					<last_name>Fox</last_name>
				</involved_worker>
			</plan>
		</plans>
	</artist>
	<artist artist_id="34">
		<first_name>Natalie</first_name>
		<last_name>Daniel</last_name>
		<plans>
			<plan plan_id="397" status="almost finished" priority="medium">
				<endproduct_name>The magenta nasty Monitor</endproduct_name>
				<basic_instruction>I would like you to do for me a STL file with Monitor</basic_instruction>
				<involved_worker svnr="1671261278" entrydate="2014-06-22" unique_feature="open-minded">
					<first_name>Catherine</first_name>
					<last_name>Hickman</last_name>
				</involved_worker>
			</plan>
		</plans>
	</artist>
	<artist artist_id="35">
		<first_name>Jeremy</first_name>
		<last_name>Hughes</last_name>
		<plans>
			<plan plan_id="499" status="prepared" priority="low">
				<endproduct_name>The magenta material Spoon</endproduct_name>
				<basic_instruction>Create a Spoon</basic_instruction>
				<involved_worker svnr="7287141298" entrydate="2013-11-05" unique_feature="reliable">
					<first_name>Roger</first_name>
					<last_name>Cannon</last_name>
				</involved_worker>
			</plan>
		</plans>
	</artist>
	<artist artist_id="36">
		<first_name>Patricia</first_name>
		<last_name>Guerrero</last_name>
		<plans>
			<plan plan_id="221" status="almost finished" priority="high">
				<endproduct_name>The green suitable Smartphone</endproduct_name>
				<basic_instruction>Make a Smartphone</basic_instruction>
				<involved_worker svnr="2115211070" entrydate="2017-04-11" unique_feature="friendly">
					<first_name>Johnny</first_name>
					<last_name>Mcneil</last_name>
				</involved_worker>
			</plan>
			<plan plan_id="357" status="cancelled" priority="very low">
				<endproduct_name>The purple unfair Printer</endproduct_name>
				<basic_instruction>I would like you to do for me a STL file with Printer</basic_instruction>
				<involved_worker svnr="2178241288" entrydate="2013-04-18" unique_feature="cruel">
					<first_name>Virginia</first_name>
					<last_name>Walsh</last_name>
				</involved_worker>
			</plan>
		</plans>
	</artist>
	<artist artist_id="37">
		<first_name>Kayla</first_name>
		<last_name>Shields</last_name>
		<plans>
			<plan plan_id="711" status="cancelled" priority="low">
				<endproduct_name>The green daughter Box</endproduct_name>
				<basic_instruction>I would like you to do for me a STL file with Box</basic_instruction>
				<involved_worker svnr="4057201174" entrydate="2015-11-08" unique_feature="bitchy">
					<first_name>Carolyn</first_name>
					<last_name>Sherman</last_name>
				</involved_worker>
			</plan>
			<plan plan_id="862" status="prepared" priority="very low">
				<endproduct_name>The aquamarine better Lamp</endproduct_name>
				<basic_instruction>Please design me a Lamp</basic_instruction>
				<involved_worker svnr="3797231077" entrydate="2018-02-09" unique_feature="naive">
					<first_name>Olivia</first_name>
					<last_name>Short</last_name>
				</involved_worker>
			</plan>
		</plans>
	</artist>
	<artist artist_id="38">
		<first_name>Patrick</first_name>
		<last_name>Kidd</last_name>
		<plans>
			<plan plan_id="573" status="ready to prepare" priority="high">
				<endproduct_name>The gray embarrassed Printer</endproduct_name>
				<basic_instruction>Create a Printer</basic_instruction>
				<involved_worker svnr="5170191198" entrydate="2018-07-26" unique_feature="mean">
					<first_name>Mark</first_name>
					<last_name>Coffey</last_name>
				</involved_worker>
			</plan>
		</plans>
	</artist>
	<artist artist_id="39">
		<first_name>Emma</first_name>
		<last_name>England</last_name>
		<plans>
			<plan plan_id="320" status="ready to prepare" priority="low">
				<endproduct_name>The red alternative Toaster</endproduct_name>
				<basic_instruction>Create a Toaster</basic_instruction>
				<involved_worker svnr="2720121085" entrydate="2016-06-26" unique_feature="stubborn">
					<first_name>Jonathan</first_name>
					<last_name>Santiago</last_name>
				</involved_worker>
			</plan>
			<plan plan_id="878" status="cancelled" priority="very low">
				<endproduct_name>The brown open Printer</endproduct_name>
				<basic_instruction>I would like you to do for me a STL file with Printer</basic_instruction>
				<involved_worker svnr="8835141177" entrydate="2016-02-27" unique_feature="nuts">
					<first_name>Brenda</first_name>
					<last_name>Emerson</last_name>
				</involved_worker>
			</plan>
			<plan plan_id="954" status="working" priority="medium">
				<endproduct_name>The violet external Computer</endproduct_name>
				<basic_instruction>Make a Computer</basic_instruction>
				<involved_worker svnr="7867221088" entrydate="2017-11-21" unique_feature="strict">
					<first_name>Randy</first_name>
					<last_name>Mueller</last_name>
				</involved_worker>
			</plan>
		</plans>
	</artist>
	<artist artist_id="40">
		<first_name>Samuel</first_name>
		<last_name>Morales</last_name>
		<plans>
			<plan plan_id="591" status="almost finished" priority="very low">
				<endproduct_name>The blue bright Monitor</endproduct_name>
				<basic_instruction>Create a Monitor</basic_instruction>
				<involved_worker svnr="8523111096" entrydate="2015-09-04" unique_feature="strict">
					<first_name>Christina</first_name>
					<last_name>Beach</last_name>
				</involved_worker>
			</plan>
		</plans>
	</artist>
	<artist artist_id="41">
		<first_name>Donna</first_name>
		<last_name>Guerrero</last_name>
		<plans>
			<plan plan_id="953" status="ready to prepare" priority="medium">
				<endproduct_name>The indigo round USB Stick</endproduct_name>
				<basic_instruction>Create a USB Stick</basic_instruction>
				<involved_worker svnr="9468251283" entrydate="2018-05-21" unique_feature="brave">
					<first_name>Frances</first_name>
					<last_name>Patton</last_name>
				</involved_worker>
			</plan>
		</plans>
	</artist>
	<artist artist_id="42">
		<first_name>Jonathan</first_name>
		<last_name>Edwards</last_name>
		<plans>
			<plan plan_id="358" status="working" priority="very low">
				<endproduct_name>The magenta few Ultrasonic Sensors for Mbot</endproduct_name>
				<basic_instruction>Please design me a Ultrasonic Sensors for Mbot</basic_instruction>
				<involved_worker svnr="1024101193" entrydate="2018-02-13" unique_feature="conservative">
					<first_name>Roger</first_name>
					<last_name>Everett</last_name>
				</involved_worker>
			</plan>
		</plans>
	</artist>
	<artist artist_id="43">
		<first_name>Brenda</first_name>
		<last_name>Wise</last_name>
		<plans>
			<plan plan_id="280" status="prepared" priority="very low">
				<endproduct_name>The maroon suspicious USB Stick</endproduct_name>
				<basic_instruction>Create a USB Stick</basic_instruction>
				<involved_worker svnr="6136161083" entrydate="2018-06-02" unique_feature="hard-working">
					<first_name>Abigail</first_name>
					<last_name>Case</last_name>
				</involved_worker>
			</plan>
			<plan plan_id="350" status="ready to prepare" priority="very high">
				<endproduct_name>The purple loose Keyboard</endproduct_name>
				<basic_instruction>Please design me a Keyboard</basic_instruction>
				<involved_worker svnr="2103151073" entrydate="2018-12-14" unique_feature="two-faced">
					<first_name>Brenda</first_name>
					<last_name>Branch</last_name>
				</involved_worker>
			</plan>
		</plans>
	</artist>
	<artist artist_id="44">
		<first_name>Catherine</first_name>
		<last_name>Shaffer</last_name>
		<plans>
			<plan plan_id="615" status="cancelled" priority="medium">
				<endproduct_name>The pink various Spoon</endproduct_name>
				<basic_instruction>Make a Spoon</basic_instruction>
				<involved_worker svnr="3776251288" entrydate="2018-02-12" unique_feature="lazy">
					<first_name>Margaret</first_name>
					<last_name>Charles</last_name>
				</involved_worker>
			</plan>
		</plans>
	</artist>
	<artist artist_id="45">
		<first_name>Roy</first_name>
		<last_name>Price</last_name>
		<plans>
			<plan plan_id="59" status="cancelled" priority="very low">
				<endproduct_name>The gray car Guitar</endproduct_name>
				<basic_instruction>I would like you to do for me a STL file with Guitar</basic_instruction>
				<involved_worker svnr="8748251177" entrydate="2018-06-26" unique_feature="naive">
					<first_name>Gabriel</first_name>
					<last_name>Gutierrez</last_name>
				</involved_worker>
			</plan>
			<plan plan_id="189" status="working" priority="medium">
				<endproduct_name>The lime human Bag</endproduct_name>
				<basic_instruction>Create a Bag</basic_instruction>
				<involved_worker svnr="3513101295" entrydate="2013-07-06" unique_feature="crazy">
					<first_name>Jonathan</first_name>
					<last_name>Sullivan</last_name>
				</involved_worker>
			</plan>
		</plans>
	</artist>
	<artist artist_id="46">
		<first_name>Cheryl</first_name>
		<last_name>Padilla</last_name>
		<plans>
			<plan plan_id="55" status="ready to prepare" priority="low">
				<endproduct_name>The turquoise wide Clock</endproduct_name>
				<basic_instruction>Please design me a Clock</basic_instruction>
				<involved_worker svnr="3431101178" entrydate="2018-12-03" unique_feature="bitchy">
					<first_name>Evelyn</first_name>
					<last_name>Mclean</last_name>
				</involved_worker>
			</plan>
			<plan plan_id="529" status="prepared" priority="high">
				<endproduct_name>The cyan aggressive Filament</endproduct_name>
				<basic_instruction>Create a Filament</basic_instruction>
				<involved_worker svnr="1944261072" entrydate="2017-04-02" unique_feature="charming">
					<first_name>Deborah</first_name>
					<last_name>Cohen</last_name>
				</involved_worker>
			</plan>
			<plan plan_id="608" status="working" priority="high">
				<endproduct_name>The blue eastern Box</endproduct_name>
				<basic_instruction>Create a Box</basic_instruction>
				<involved_worker svnr="1407261170" entrydate="2015-07-13" unique_feature="sympathetic (understanding)">
					<first_name>Anthony</first_name>
					<last_name>Hart</last_name>
				</involved_worker>
			</plan>
			<plan plan_id="758" status="almost finished" priority="very low">
				<endproduct_name>The olive kitchen Monitor</endproduct_name>
				<basic_instruction>Make a Monitor</basic_instruction>
				<involved_worker svnr="5619161272" entrydate="2016-06-25" unique_feature="cheerful">
					<first_name>Brenda</first_name>
					<last_name>Juarez</last_name>
				</involved_worker>
			</plan>
		</plans>
	</artist>
	<artist artist_id="47">
		<first_name>Debra</first_name>
		<last_name>Perez</last_name>
		<plans>
			<plan plan_id="77" status="finished" priority="high">
				<endproduct_name>The cyan pure Clock</endproduct_name>
				<basic_instruction>Please design me a Clock</basic_instruction>
				<involved_worker svnr="7280271298" entrydate="2014-11-06" unique_feature="cruel">
					<first_name>Catherine</first_name>
					<last_name>Pickett</last_name>
				</involved_worker>
			</plan>
			<plan plan_id="411" status="prepared" priority="low">
				<endproduct_name>The brown salt Helmet</endproduct_name>
				<basic_instruction>Make a Helmet</basic_instruction>
				<involved_worker svnr="6147181198" entrydate="2018-01-08" unique_feature="narrow-minded">
					<first_name>Douglas</first_name>
					<last_name>Pugh</last_name>
				</involved_worker>
			</plan>
			<plan plan_id="645" status="finished" priority="high">
				<endproduct_name>The tan joint CD Elton John</endproduct_name>
				<basic_instruction>Please design me a CD Elton John</basic_instruction>
				<involved_worker svnr="3510161274" entrydate="2014-03-26" unique_feature="lazy">
					<first_name>Bruce</first_name>
					<last_name>Clay</last_name>
				</involved_worker>
			</plan>
			<plan plan_id="646" status="ready to prepare" priority="medium">
				<endproduct_name>The lime training Printer</endproduct_name>
				<basic_instruction>Create a Printer</basic_instruction>
				<involved_worker svnr="2814141087" entrydate="2017-02-27" unique_feature="conservative">
					<first_name>Laura</first_name>
					<last_name>Beasley</last_name>
				</involved_worker>
			</plan>
			<plan plan_id="978" status="finished" priority="low">
				<endproduct_name>The lime royal Monitor</endproduct_name>
				<basic_instruction>Make a Monitor</basic_instruction>
				<involved_worker svnr="4063151297" entrydate="2016-09-18" unique_feature="hard-working">
					<first_name>Samantha</first_name>
					<last_name>Lott</last_name>
				</involved_worker>
			</plan>
		</plans>
	</artist>
	<artist artist_id="48">
		<first_name>Samuel</first_name>
		<last_name>Galloway</last_name>
		<plans>
			<plan plan_id="84" status="cancelled" priority="very low">
				<endproduct_name>The pink car Clock</endproduct_name>
				<basic_instruction>Make a Clock</basic_instruction>
				<involved_worker svnr="9468251283" entrydate="2018-05-21" unique_feature="brave">
					<first_name>Frances</first_name>
					<last_name>Patton</last_name>
				</involved_worker>
			</plan>
			<plan plan_id="936" status="prepared" priority="very high">
				<endproduct_name>The silver immediate Cable</endproduct_name>
				<basic_instruction>Please design me a Cable</basic_instruction>
				<involved_worker svnr="8409191288" entrydate="2018-03-07" unique_feature="careless">
					<first_name>Carl</first_name>
					<last_name>Weber</last_name>
				</involved_worker>
			</plan>
		</plans>
	</artist>
	<artist artist_id="49">
		<first_name>Abigail</first_name>
		<last_name>Owens</last_name>
		<plans>
			<plan plan_id="832" status="prepared" priority="very low">
				<endproduct_name>The navy maximum USB Stick</endproduct_name>
				<basic_instruction>Create a USB Stick</basic_instruction>
				<involved_worker svnr="9123171292" entrydate="2013-06-05" unique_feature="friendly">
					<first_name>Matthew</first_name>
					<last_name>Norman</last_name>
				</involved_worker>
			</plan>
		</plans>
	</artist>
	<artist artist_id="50">
		<first_name>Albert</first_name>
		<last_name>Kim</last_name>
		<plans>
			<plan plan_id="654" status="ready to prepare" priority="low">
				<endproduct_name>The olive available Webcam</endproduct_name>
				<basic_instruction>Please design me a Webcam</basic_instruction>
				<involved_worker svnr="6091171295" entrydate="2014-04-21" unique_feature="bitchy">
					<first_name>Billy</first_name>
					<last_name>Franklin</last_name>
				</involved_worker>
			</plan>
			<plan plan_id="928" status="prepared" priority="low">
				<endproduct_name>The magenta ideal Keyboard</endproduct_name>
				<basic_instruction>Create a Keyboard</basic_instruction>
				<involved_worker svnr="4402241083" entrydate="2013-06-18" unique_feature="self-confident">
					<first_name>Andrea</first_name>
					<last_name>Duran</last_name>
				</involved_worker>
			</plan>
		</plans>
	</artist>
	<artist artist_id="51">
		<first_name>Diane</first_name>
		<last_name>Rowland</last_name>
		<plans>
			<plan plan_id="226" status="finished" priority="low">
				<endproduct_name>The cyan educational Latex Book</endproduct_name>
				<basic_instruction>Please design me a Latex Book</basic_instruction>
				<involved_worker svnr="8610111088" entrydate="2018-04-26" unique_feature="conceited">
					<first_name>Grace</first_name>
					<last_name>Peck</last_name>
				</involved_worker>
			</plan>
			<plan plan_id="695" status="almost finished" priority="very high">
				<endproduct_name>The cyan acceptable Lamp</endproduct_name>
				<basic_instruction>I would like you to do for me a STL file with Lamp</basic_instruction>
				<involved_worker svnr="9924111199" entrydate="2018-03-05" unique_feature="crazy">
					<first_name>Laura</first_name>
					<last_name>Marquez</last_name>
				</involved_worker>
			</plan>
		</plans>
	</artist>
	<artist artist_id="52">
		<first_name>Jessica</first_name>
		<last_name>Jensen</last_name>
		<plans>
			<plan plan_id="575" status="prepared" priority="very high">
				<endproduct_name>The navy round Hoover</endproduct_name>
				<basic_instruction>I would like you to do for me a STL file with Hoover</basic_instruction>
				<involved_worker svnr="7009141099" entrydate="2018-01-27" unique_feature="nuts">
					<first_name>Joshua</first_name>
					<last_name>Mcintosh</last_name>
				</involved_worker>
			</plan>
			<plan plan_id="656" status="almost finished" priority="very high">
				<endproduct_name>The tan administrative Wallet</endproduct_name>
				<basic_instruction>Please design me a Wallet</basic_instruction>
				<involved_worker svnr="1461181094" entrydate="2016-11-17" unique_feature="argumentative">
					<first_name>Gabriel</first_name>
					<last_name>Pruitt</last_name>
				</involved_worker>
			</plan>
		</plans>
	</artist>
	<artist artist_id="53">
		<first_name>Hannah</first_name>
		<last_name>Blevins</last_name>
		<plans>
			<plan plan_id="880" status="working" priority="high">
				<endproduct_name>The lime budget Latex Book</endproduct_name>
				<basic_instruction>I would like you to do for me a STL file with Latex Book</basic_instruction>
				<involved_worker svnr="7472151087" entrydate="2014-01-12" unique_feature="generous">
					<first_name>Walter</first_name>
					<last_name>Burgess</last_name>
				</involved_worker>
			</plan>
		</plans>
	</artist>
	<artist artist_id="54">
		<first_name>Charles</first_name>
		<last_name>Stevens</last_name>
		<plans>
			<plan plan_id="6" status="ready to prepare" priority="high">
				<endproduct_name>The violet rich Helmet</endproduct_name>
				<basic_instruction>Make a Helmet</basic_instruction>
				<involved_worker svnr="6147181198" entrydate="2018-01-08" unique_feature="narrow-minded">
					<first_name>Douglas</first_name>
					<last_name>Pugh</last_name>
				</involved_worker>
			</plan>
			<plan plan_id="452" status="almost finished" priority="medium">
				<endproduct_name>The turquoise additional USB Stick</endproduct_name>
				<basic_instruction>Create a USB Stick</basic_instruction>
				<involved_worker svnr="4159191198" entrydate="2017-04-23" unique_feature="polite">
					<first_name>Judy</first_name>
					<last_name>Crawford</last_name>
				</involved_worker>
			</plan>
			<plan plan_id="937" status="cancelled" priority="low">
				<endproduct_name>The pink loose Ultrasonic Sensors for Mbot</endproduct_name>
				<basic_instruction>Make a Ultrasonic Sensors for Mbot</basic_instruction>
				<involved_worker svnr="1778191293" entrydate="2016-10-16" unique_feature="honest">
					<first_name>Anthony</first_name>
					<last_name>Rosa</last_name>
				</involved_worker>
			</plan>
		</plans>
	</artist>
	<artist artist_id="55">
		<first_name>Madison</first_name>
		<last_name>Henson</last_name>
		<plans>
			<plan plan_id="116" status="finished" priority="very high">
				<endproduct_name>The magenta nice Keyboard</endproduct_name>
				<basic_instruction>Please design me a Keyboard</basic_instruction>
				<involved_worker svnr="7437141191" entrydate="2017-06-04" unique_feature="cheerful">
					<first_name>Samantha</first_name>
					<last_name>Bryan</last_name>
				</involved_worker>
			</plan>
			<plan plan_id="611" status="cancelled" priority="medium">
				<endproduct_name>The magenta special Hoover</endproduct_name>
				<basic_instruction>Please design me a Hoover</basic_instruction>
				<involved_worker svnr="4416271286" entrydate="2015-07-13" unique_feature="stubborn">
					<first_name>Cheryl</first_name>
					<last_name>Shepard</last_name>
				</involved_worker>
			</plan>
			<plan plan_id="970" status="cancelled" priority="very high">
				<endproduct_name>The yellow southern Helmet</endproduct_name>
				<basic_instruction>I would like you to do for me a STL file with Helmet</basic_instruction>
				<involved_worker svnr="5170191198" entrydate="2018-07-26" unique_feature="mean">
					<first_name>Mark</first_name>
					<last_name>Coffey</last_name>
				</involved_worker>
			</plan>
		</plans>
	</artist>
	<artist artist_id="56">
		<first_name>Paul</first_name>
		<last_name>Poole</last_name>
		<plans>
			<plan plan_id="78" status="cancelled" priority="high">
				<endproduct_name>The black leading Toaster</endproduct_name>
				<basic_instruction>Please design me a Toaster</basic_instruction>
				<involved_worker svnr="5186121290" entrydate="2017-09-20" unique_feature="argumentative">
					<first_name>Julia</first_name>
					<last_name>Oneil</last_name>
				</involved_worker>
			</plan>
		</plans>
	</artist>
	<artist artist_id="57">
		<first_name>Amber</first_name>
		<last_name>Harmon</last_name>
		<plans>
			<plan plan_id="154" status="prepared" priority="low">
				<endproduct_name>The green last Toaster</endproduct_name>
				<basic_instruction>Create a Toaster</basic_instruction>
				<involved_worker svnr="6113121270" entrydate="2015-11-22" unique_feature="weird">
					<first_name>Jacob</first_name>
					<last_name>Holloway</last_name>
				</involved_worker>
			</plan>
		</plans>
	</artist>
	<artist artist_id="58">
		<first_name>Philip</first_name>
		<last_name>Sears</last_name>
		<plans>
			<plan plan_id="207" status="ready to prepare" priority="medium">
				<endproduct_name>The olive corner Ultrasonic Sensors for Mbot</endproduct_name>
				<basic_instruction>Please design me a Ultrasonic Sensors for Mbot</basic_instruction>
				<involved_worker svnr="9505221275" entrydate="2015-03-01" unique_feature="lazy">
					<first_name>Martha</first_name>
					<last_name>Delacruz</last_name>
				</involved_worker>
			</plan>
			<plan plan_id="472" status="almost finished" priority="very low">
				<endproduct_name>The cyan used Webcam</endproduct_name>
				<basic_instruction>Make a Webcam</basic_instruction>
				<involved_worker svnr="2997231275" entrydate="2018-09-02" unique_feature="self-confident">
					<first_name>Albert</first_name>
					<last_name>Mullins</last_name>
				</involved_worker>
			</plan>
		</plans>
	</artist>
	<artist artist_id="59">
		<first_name>Joshua</first_name>
		<last_name>Walter</last_name>
		<plans>
			<plan plan_id="336" status="finished" priority="high">
				<endproduct_name>The blue external Latex Book</endproduct_name>
				<basic_instruction>Make a Latex Book</basic_instruction>
				<involved_worker svnr="6601111273" entrydate="2013-10-02" unique_feature="crazy">
					<first_name>Mary</first_name>
					<last_name>Britt</last_name>
				</involved_worker>
			</plan>
			<plan plan_id="388" status="cancelled" priority="high">
				<endproduct_name>The red electrical Wallet</endproduct_name>
				<basic_instruction>Make a Wallet</basic_instruction>
				<involved_worker svnr="5597261197" entrydate="2017-07-22" unique_feature="cowardly">
					<first_name>Virginia</first_name>
					<last_name>Carpenter</last_name>
				</involved_worker>
			</plan>
			<plan plan_id="441" status="cancelled" priority="very high">
				<endproduct_name>The teal joint Ultrasonic Sensors for Mbot</endproduct_name>
				<basic_instruction>Create a Ultrasonic Sensors for Mbot</basic_instruction>
				<involved_worker svnr="8334271275" entrydate="2014-08-19" unique_feature="conventional">
					<first_name>Kathryn</first_name>
					<last_name>Washington</last_name>
				</involved_worker>
			</plan>
		</plans>
	</artist>
	<artist artist_id="60">
		<first_name>Walter</first_name>
		<last_name>Sexton</last_name>
		<plans>
			<plan plan_id="685" status="finished" priority="very high">
				<endproduct_name>The aquamarine sea Printer</endproduct_name>
				<basic_instruction>Create a Printer</basic_instruction>
				<involved_worker svnr="3592271178" entrydate="2018-04-04" unique_feature="open-minded">
					<first_name>Shirley</first_name>
					<last_name>Newton</last_name>
				</involved_worker>
			</plan>
		</plans>
	</artist>
	<artist artist_id="61">
		<first_name>Terry</first_name>
		<last_name>Meyer</last_name>
		<plans>
			<plan plan_id="333" status="almost finished" priority="medium">
				<endproduct_name>The aquamarine sorry USB Stick</endproduct_name>
				<basic_instruction>Please design me a USB Stick</basic_instruction>
				<involved_worker svnr="1119121186" entrydate="2015-01-11" unique_feature="narrow-minded">
					<first_name>Elizabeth</first_name>
					<last_name>Ortiz</last_name>
				</involved_worker>
			</plan>
			<plan plan_id="938" status="almost finished" priority="high">
				<endproduct_name>The green female Computer</endproduct_name>
				<basic_instruction>Please design me a Computer</basic_instruction>
				<involved_worker svnr="5005161073" entrydate="2018-08-04" unique_feature="careless">
					<first_name>Rachel</first_name>
					<last_name>Valencia</last_name>
				</involved_worker>
			</plan>
		</plans>
	</artist>
	<artist artist_id="62">
		<first_name>Mary</first_name>
		<last_name>Sampson</last_name>
		<plans>
			<plan plan_id="127" status="working" priority="very high">
				<endproduct_name>The navy global Bag</endproduct_name>
				<basic_instruction>Create a Bag</basic_instruction>
				<involved_worker svnr="3614121194" entrydate="2014-08-11" unique_feature="selfish">
					<first_name>Jack</first_name>
					<last_name>Webster</last_name>
				</involved_worker>
			</plan>
			<plan plan_id="666" status="cancelled" priority="high">
				<endproduct_name>The black choice CD Elton John</endproduct_name>
				<basic_instruction>Make a CD Elton John</basic_instruction>
				<involved_worker svnr="6652261085" entrydate="2015-11-06" unique_feature="cheerful">
					<first_name>Emily</first_name>
					<last_name>Hart</last_name>
				</involved_worker>
			</plan>
			<plan plan_id="907" status="ready to prepare" priority="low">
				<endproduct_name>The yellow character Filament</endproduct_name>
				<basic_instruction>Make a Filament</basic_instruction>
				<involved_worker svnr="4686151077" entrydate="2016-07-24" unique_feature="sensible">
					<first_name>Shirley</first_name>
					<last_name>Strickland</last_name>
				</involved_worker>
			</plan>
		</plans>
	</artist>
	<artist artist_id="63">
		<first_name>Charles</first_name>
		<last_name>Cantu</last_name>
		<plans>
			<plan plan_id="341" status="almost finished" priority="very high">
				<endproduct_name>The silver suitable Hoover</endproduct_name>
				<basic_instruction>Please design me a Hoover</basic_instruction>
				<involved_worker svnr="3558161178" entrydate="2014-06-04" unique_feature="bitchy">
					<first_name>Alexander</first_name>
					<last_name>Gomez</last_name>
				</involved_worker>
			</plan>
			<plan plan_id="549" status="finished" priority="very low">
				<endproduct_name>The violet nearby Guitar</endproduct_name>
				<basic_instruction>Please design me a Guitar</basic_instruction>
				<involved_worker svnr="4392181276" entrydate="2014-10-15" unique_feature="dull">
					<first_name>Kelly</first_name>
					<last_name>Hendricks</last_name>
				</involved_worker>
			</plan>
		</plans>
	</artist>
	<artist artist_id="64">
		<first_name>Jacqueline</first_name>
		<last_name>Parrish</last_name>
		<plans>
			<plan plan_id="494" status="almost finished" priority="high">
				<endproduct_name>The tan remote Computer</endproduct_name>
				<basic_instruction>I would like you to do for me a STL file with Computer</basic_instruction>
				<involved_worker svnr="8341161177" entrydate="2017-06-20" unique_feature="stubborn">
					<first_name>Albert</first_name>
					<last_name>Kelly</last_name>
				</involved_worker>
			</plan>
			<plan plan_id="530" status="ready to prepare" priority="very low">
				<endproduct_name>The white material Printer</endproduct_name>
				<basic_instruction>Please design me a Printer</basic_instruction>
				<involved_worker svnr="5365161293" entrydate="2014-08-26" unique_feature="mean">
					<first_name>James</first_name>
					<last_name>Barr</last_name>
				</involved_worker>
			</plan>
			<plan plan_id="992" status="ready to prepare" priority="high">
				<endproduct_name>The turquoise quiet Ultrasonic Sensors for Mbot</endproduct_name>
				<basic_instruction>Create a Ultrasonic Sensors for Mbot</basic_instruction>
				<involved_worker svnr="3514131177" entrydate="2013-05-20" unique_feature="self-confident">
					<first_name>Terry</first_name>
					<last_name>Cantu</last_name>
				</involved_worker>
			</plan>
		</plans>
	</artist>
	<artist artist_id="65">
		<first_name>Kathleen</first_name>
		<last_name>Robles</last_name>
		<plans>
			<plan plan_id="232" status="prepared" priority="low">
				<endproduct_name>The silver honest Wallet</endproduct_name>
				<basic_instruction>Create a Wallet</basic_instruction>
				<involved_worker svnr="9257241174" entrydate="2016-05-05" unique_feature="moody">
					<first_name>Barbara</first_name>
					<last_name>Decker</last_name>
				</involved_worker>
			</plan>
			<plan plan_id="911" status="cancelled" priority="medium">
				<endproduct_name>The turquoise nervous Dog</endproduct_name>
				<basic_instruction>Make a Dog</basic_instruction>
				<involved_worker svnr="2115211070" entrydate="2017-04-11" unique_feature="friendly">
					<first_name>Johnny</first_name>
					<last_name>Mcneil</last_name>
				</involved_worker>
			</plan>
		</plans>
	</artist>
	<artist artist_id="66">
		<first_name>Stephen</first_name>
		<last_name>Bradshaw</last_name>
		<plans>
			<plan plan_id="97" status="working" priority="very low">
				<endproduct_name>The teal plastic Guitar</endproduct_name>
				<basic_instruction>I would like you to do for me a STL file with Guitar</basic_instruction>
				<involved_worker svnr="2928121085" entrydate="2015-04-12" unique_feature="two-faced">
					<first_name>Martha</first_name>
					<last_name>Sanders</last_name>
				</involved_worker>
			</plan>
			<plan plan_id="404" status="almost finished" priority="low">
				<endproduct_name>The maroon nasty USB Stick</endproduct_name>
				<basic_instruction>Please design me a USB Stick</basic_instruction>
				<involved_worker svnr="1127131284" entrydate="2016-08-16" unique_feature="mean">
					<first_name>Willie</first_name>
					<last_name>Alvarez</last_name>
				</involved_worker>
			</plan>
			<plan plan_id="436" status="almost finished" priority="very high">
				<endproduct_name>The purple quiet Wallet</endproduct_name>
				<basic_instruction>I would like you to do for me a STL file with Wallet</basic_instruction>
				<involved_worker svnr="6723121190" entrydate="2017-07-08" unique_feature="very cruel">
					<first_name>Sean</first_name>
					<last_name>Ramos</last_name>
				</involved_worker>
			</plan>
			<plan plan_id="505" status="almost finished" priority="low">
				<endproduct_name>The purple gross CD Elton John</endproduct_name>
				<basic_instruction>I would like you to do for me a STL file with CD Elton John</basic_instruction>
				<involved_worker svnr="7025271086" entrydate="2017-09-22" unique_feature="shy - introverted">
					<first_name>Richard</first_name>
					<last_name>Duffy</last_name>
				</involved_worker>
			</plan>
		</plans>
	</artist>
	<artist artist_id="67">
		<first_name>Douglas</first_name>
		<last_name>Herman</last_name>
		<plans>
			<plan plan_id="307" status="ready to prepare" priority="very high">
				<endproduct_name>The purple gross Chips</endproduct_name>
				<basic_instruction>Create a Chips</basic_instruction>
				<involved_worker svnr="1951221290" entrydate="2015-06-10" unique_feature="weird">
					<first_name>Kayla</first_name>
					<last_name>Franklin</last_name>
				</involved_worker>
			</plan>
			<plan plan_id="743" status="prepared" priority="very high">
				<endproduct_name>The navy historical Toast</endproduct_name>
				<basic_instruction>Create a Toast</basic_instruction>
				<involved_worker svnr="4575151282" entrydate="2014-01-12" unique_feature="weird">
					<first_name>Jane</first_name>
					<last_name>Chan</last_name>
				</involved_worker>
			</plan>
		</plans>
	</artist>
	<artist artist_id="68">
		<first_name>Joyce</first_name>
		<last_name>Lowery</last_name>
		<plans>
			<plan plan_id="720" status="prepared" priority="high">
				<endproduct_name>The white senior Lamp</endproduct_name>
				<basic_instruction>I would like you to do for me a STL file with Lamp</basic_instruction>
				<involved_worker svnr="6163211079" entrydate="2013-09-01" unique_feature="self-confident">
					<first_name>Robert</first_name>
					<last_name>Foley</last_name>
				</involved_worker>
			</plan>
			<plan plan_id="853" status="prepared" priority="low">
				<endproduct_name>The tan intelligent CD Elton John</endproduct_name>
				<basic_instruction>Make a CD Elton John</basic_instruction>
				<involved_worker svnr="2775191080" entrydate="2014-09-04" unique_feature="cowardly">
					<first_name>Kayla</first_name>
					<last_name>Reynolds</last_name>
				</involved_worker>
			</plan>
		</plans>
	</artist>
	<artist artist_id="69">
		<first_name>Samantha</first_name>
		<last_name>Guy</last_name>
		<plans>
			<plan plan_id="632" status="almost finished" priority="very low">
				<endproduct_name>The magenta traditional Clock</endproduct_name>
				<basic_instruction>Make a Clock</basic_instruction>
				<involved_worker svnr="9362261174" entrydate="2015-02-13" unique_feature="proud">
					<first_name>Sara</first_name>
					<last_name>Wade</last_name>
				</involved_worker>
			</plan>
			<plan plan_id="795" status="finished" priority="high">
				<endproduct_name>The pink middle Webcam</endproduct_name>
				<basic_instruction>Make a Webcam</basic_instruction>
				<involved_worker svnr="4162241273" entrydate="2018-01-21" unique_feature="talkative">
					<first_name>Bruce</first_name>
					<last_name>Crawford</last_name>
				</involved_worker>
			</plan>
			<plan plan_id="829" status="cancelled" priority="low">
				<endproduct_name>The yellow electrical Hoover</endproduct_name>
				<basic_instruction>Create a Hoover</basic_instruction>
				<involved_worker svnr="5958261178" entrydate="2018-01-09" unique_feature="open-minded">
					<first_name>Laura</first_name>
					<last_name>Olson</last_name>
				</involved_worker>
			</plan>
			<plan plan_id="881" status="prepared" priority="very low">
				<endproduct_name>The lime confident Lamp</endproduct_name>
				<basic_instruction>Make a Lamp</basic_instruction>
				<involved_worker svnr="9468251283" entrydate="2018-05-21" unique_feature="brave">
					<first_name>Frances</first_name>
					<last_name>Patton</last_name>
				</involved_worker>
			</plan>
		</plans>
	</artist>
	<artist artist_id="70">
		<first_name>Dennis</first_name>
		<last_name>Herrera</last_name>
		<plans>
			<plan plan_id="725" status="cancelled" priority="medium">
				<endproduct_name>The magenta environmental Guitar</endproduct_name>
				<basic_instruction>Create a Guitar</basic_instruction>
				<involved_worker svnr="6547161189" entrydate="2017-08-02" unique_feature="cautious">
					<first_name>Kevin</first_name>
					<last_name>Hatfield</last_name>
				</involved_worker>
			</plan>
			<plan plan_id="863" status="almost finished" priority="low">
				<endproduct_name>The orange massive Cable</endproduct_name>
				<basic_instruction>I would like you to do for me a STL file with Cable</basic_instruction>
				<involved_worker svnr="1724181171" entrydate="2013-08-03" unique_feature="honest">
					<first_name>Lawrence</first_name>
					<last_name>Gardner</last_name>
				</involved_worker>
			</plan>
		</plans>
	</artist>
	<artist artist_id="71">
		<first_name>Shirley</first_name>
		<last_name>Riggs</last_name>
		<plans>
			<plan plan_id="885" status="cancelled" priority="very high">
				<endproduct_name>The olive frequent Helmet</endproduct_name>
				<basic_instruction>I would like you to do for me a STL file with Helmet</basic_instruction>
				<involved_worker svnr="4979211074" entrydate="2016-06-06" unique_feature="cantankerous">
					<first_name>Frank</first_name>
					<last_name>Pena</last_name>
				</involved_worker>
			</plan>
		</plans>
	</artist>
	<artist artist_id="72">
		<first_name>Elizabeth</first_name>
		<last_name>Tyler</last_name>
		<plans>
			<plan plan_id="649" status="ready to prepare" priority="medium">
				<endproduct_name>The lime valuable Guitar</endproduct_name>
				<basic_instruction>Create a Guitar</basic_instruction>
				<involved_worker svnr="8481211078" entrydate="2018-06-14" unique_feature="conservative">
					<first_name>Jonathan</first_name>
					<last_name>Shepherd</last_name>
				</involved_worker>
			</plan>
		</plans>
	</artist>
	<artist artist_id="73">
		<first_name>Amber</first_name>
		<last_name>Mathews</last_name>
		<plans>
			<plan plan_id="169" status="prepared" priority="high">
				<endproduct_name>The yellow interesting Guitar</endproduct_name>
				<basic_instruction>I would like you to do for me a STL file with Guitar</basic_instruction>
				<involved_worker svnr="5137241195" entrydate="2018-08-26" unique_feature="dull">
					<first_name>Evelyn</first_name>
					<last_name>Galloway</last_name>
				</involved_worker>
			</plan>
			<plan plan_id="182" status="ready to prepare" priority="very high">
				<endproduct_name>The tan brilliant Wallet</endproduct_name>
				<basic_instruction>I would like you to do for me a STL file with Wallet</basic_instruction>
				<involved_worker svnr="9649211275" entrydate="2015-05-06" unique_feature="hard-working">
					<first_name>Harry</first_name>
					<last_name>Bender</last_name>
				</involved_worker>
			</plan>
			<plan plan_id="425" status="prepared" priority="medium">
				<endproduct_name>The brown large Keyboard</endproduct_name>
				<basic_instruction>I would like you to do for me a STL file with Keyboard</basic_instruction>
				<involved_worker svnr="7981191185" entrydate="2017-09-11" unique_feature="friendly">
					<first_name>Diana</first_name>
					<last_name>Gonzalez</last_name>
				</involved_worker>
			</plan>
			<plan plan_id="458" status="prepared" priority="very low">
				<endproduct_name>The green unlikely Monitor</endproduct_name>
				<basic_instruction>Make a Monitor</basic_instruction>
				<involved_worker svnr="3165181093" entrydate="2014-01-14" unique_feature="cheerful">
					<first_name>Tiffany</first_name>
					<last_name>Beach</last_name>
				</involved_worker>
			</plan>
			<plan plan_id="463" status="working" priority="high">
				<endproduct_name>The magenta relative Printer</endproduct_name>
				<basic_instruction>Make a Printer</basic_instruction>
				<involved_worker svnr="5873221276" entrydate="2016-09-02" unique_feature="cautious">
					<first_name>Douglas</first_name>
					<last_name>Mcmillan</last_name>
				</involved_worker>
			</plan>
			<plan plan_id="770" status="cancelled" priority="low">
				<endproduct_name>The tan better Latex Book</endproduct_name>
				<basic_instruction>Create a Latex Book</basic_instruction>
				<involved_worker svnr="6282171297" entrydate="2017-02-08" unique_feature="big-headed">
					<first_name>Barbara</first_name>
					<last_name>Frederick</last_name>
				</involved_worker>
			</plan>
		</plans>
	</artist>
	<artist artist_id="74">
		<first_name>Michael</first_name>
		<last_name>Harmon</last_name>
		<plans>
			<plan plan_id="53" status="almost finished" priority="medium">
				<endproduct_name>The red patient Toaster</endproduct_name>
				<basic_instruction>Please design me a Toaster</basic_instruction>
				<involved_worker svnr="3803111191" entrydate="2018-07-17" unique_feature="lazy">
					<first_name>Brittany</first_name>
					<last_name>Carter</last_name>
				</involved_worker>
			</plan>
			<plan plan_id="159" status="prepared" priority="low">
				<endproduct_name>The aquamarine young Toast</endproduct_name>
				<basic_instruction>Make a Toast</basic_instruction>
				<involved_worker svnr="1979261196" entrydate="2017-11-12" unique_feature="self-confident">
					<first_name>John</first_name>
					<last_name>Cooke</last_name>
				</involved_worker>
			</plan>
			<plan plan_id="302" status="cancelled" priority="high">
				<endproduct_name>The gray native Computer</endproduct_name>
				<basic_instruction>Make a Computer</basic_instruction>
				<involved_worker svnr="2115211070" entrydate="2017-04-11" unique_feature="friendly">
					<first_name>Johnny</first_name>
					<last_name>Mcneil</last_name>
				</involved_worker>
			</plan>
			<plan plan_id="328" status="working" priority="high">
				<endproduct_name>The olive classic Webcam</endproduct_name>
				<basic_instruction>I would like you to do for me a STL file with Webcam</basic_instruction>
				<involved_worker svnr="9218271182" entrydate="2014-03-27" unique_feature="cowardly">
					<first_name>Johnny</first_name>
					<last_name>Townsend</last_name>
				</involved_worker>
			</plan>
			<plan plan_id="507" status="almost finished" priority="medium">
				<endproduct_name>The lime street Computer</endproduct_name>
				<basic_instruction>Make a Computer</basic_instruction>
				<involved_worker svnr="8971141287" entrydate="2015-04-13" unique_feature="cantankerous">
					<first_name>Janice</first_name>
					<last_name>Middleton</last_name>
				</involved_worker>
			</plan>
			<plan plan_id="789" status="almost finished" priority="very high">
				<endproduct_name>The olive eastern Keyboard</endproduct_name>
				<basic_instruction>Please design me a Keyboard</basic_instruction>
				<involved_worker svnr="9413161082" entrydate="2013-06-16" unique_feature="bitchy">
					<first_name>Nathan</first_name>
					<last_name>Finley</last_name>
				</involved_worker>
			</plan>
		</plans>
	</artist>
	<artist artist_id="75">
		<first_name>Beverly</first_name>
		<last_name>Ortiz</last_name>
		<plans>
			<plan plan_id="146" status="prepared" priority="medium">
				<endproduct_name>The magenta life Webcam</endproduct_name>
				<basic_instruction>Make a Webcam</basic_instruction>
				<involved_worker svnr="4007201095" entrydate="2016-06-17" unique_feature="charming">
					<first_name>Gabriel</first_name>
					<last_name>Griffin</last_name>
				</involved_worker>
			</plan>
			<plan plan_id="255" status="almost finished" priority="very low">
				<endproduct_name>The red choice Monitor</endproduct_name>
				<basic_instruction>I would like you to do for me a STL file with Monitor</basic_instruction>
				<involved_worker svnr="2062131074" entrydate="2015-02-15" unique_feature="mean">
					<first_name>Janice</first_name>
					<last_name>Whitaker</last_name>
				</involved_worker>
			</plan>
		</plans>
	</artist>
	<artist artist_id="76">
		<first_name>Sandra</first_name>
		<last_name>Elliott</last_name>
		<plans>
			<plan plan_id="819" status="cancelled" priority="low">
				<endproduct_name>The turquoise cold Guitar</endproduct_name>
				<basic_instruction>Make a Guitar</basic_instruction>
				<involved_worker svnr="4836151274" entrydate="2016-10-06" unique_feature="brave">
					<first_name>Samantha</first_name>
					<last_name>Osborne</last_name>
				</involved_worker>
			</plan>
		</plans>
	</artist>
	<artist artist_id="77">
		<first_name>Dennis</first_name>
		<last_name>Lewis</last_name>
		<plans>
			<plan plan_id="179" status="ready to prepare" priority="low">
				<endproduct_name>The purple basic Webcam</endproduct_name>
				<basic_instruction>Create a Webcam</basic_instruction>
				<involved_worker svnr="4493201098" entrydate="2016-02-20" unique_feature="two-faced">
					<first_name>Tyler</first_name>
					<last_name>Warren</last_name>
				</involved_worker>
			</plan>
			<plan plan_id="903" status="working" priority="low">
				<endproduct_name>The maroon spiritual Dog</endproduct_name>
				<basic_instruction>I would like you to do for me a STL file with Dog</basic_instruction>
				<involved_worker svnr="6968231098" entrydate="2017-07-07" unique_feature="trustworthy">
					<first_name>Ralph</first_name>
					<last_name>Browning</last_name>
				</involved_worker>
			</plan>
		</plans>
	</artist>
	<artist artist_id="78">
		<first_name>Brenda</first_name>
		<last_name>Holt</last_name>
		<plans/>
	</artist>
	<artist artist_id="79">
		<first_name>Richard</first_name>
		<last_name>Tran</last_name>
		<plans>
			<plan plan_id="798" status="cancelled" priority="high">
				<endproduct_name>The cyan no Dog</endproduct_name>
				<basic_instruction>Please design me a Dog</basic_instruction>
				<involved_worker svnr="8627201294" entrydate="2017-04-04" unique_feature="self-confident">
					<first_name>Sandra</first_name>
					<last_name>Frazier</last_name>
				</involved_worker>
			</plan>
		</plans>
	</artist>
	<artist artist_id="80">
		<first_name>Edward</first_name>
		<last_name>Ayala</last_name>
		<plans>
			<plan plan_id="488" status="prepared" priority="medium">
				<endproduct_name>The gray master Lamp</endproduct_name>
				<basic_instruction>Make a Lamp</basic_instruction>
				<involved_worker svnr="7303171081" entrydate="2018-01-23" unique_feature="lazy">
					<first_name>Ann</first_name>
					<last_name>Cruz</last_name>
				</involved_worker>
			</plan>
			<plan plan_id="605" status="ready to prepare" priority="low">
				<endproduct_name>The white yellow Toast</endproduct_name>
				<basic_instruction>Please design me a Toast</basic_instruction>
				<involved_worker svnr="8745221078" entrydate="2016-07-07" unique_feature="polite">
					<first_name>Dennis</first_name>
					<last_name>Mcleod</last_name>
				</involved_worker>
			</plan>
			<plan plan_id="912" status="working" priority="medium">
				<endproduct_name>The blue still Wallet</endproduct_name>
				<basic_instruction>I would like you to do for me a STL file with Wallet</basic_instruction>
				<involved_worker svnr="7867221088" entrydate="2017-11-21" unique_feature="strict">
					<first_name>Randy</first_name>
					<last_name>Mueller</last_name>
				</involved_worker>
			</plan>
		</plans>
	</artist>
	<artist artist_id="81">
		<first_name>Christian</first_name>
		<last_name>Mays</last_name>
		<plans>
			<plan plan_id="921" status="finished" priority="high">
				<endproduct_name>The olive typical CD Elton John</endproduct_name>
				<basic_instruction>I would like you to do for me a STL file with CD Elton John</basic_instruction>
				<involved_worker svnr="2103151073" entrydate="2018-12-14" unique_feature="two-faced">
					<first_name>Brenda</first_name>
					<last_name>Branch</last_name>
				</involved_worker>
			</plan>
		</plans>
	</artist>
	<artist artist_id="82">
		<first_name>Cheryl</first_name>
		<last_name>Rowe</last_name>
		<plans>
			<plan plan_id="247" status="almost finished" priority="medium">
				<endproduct_name>The navy wild CD Elton John</endproduct_name>
				<basic_instruction>Create a CD Elton John</basic_instruction>
				<involved_worker svnr="5345161288" entrydate="2013-12-21" unique_feature="mean">
					<first_name>Jesse</first_name>
					<last_name>Pacheco</last_name>
				</involved_worker>
			</plan>
			<plan plan_id="730" status="almost finished" priority="low">
				<endproduct_name>The gray quiet Ultrasonic Sensors for Mbot</endproduct_name>
				<basic_instruction>Please design me a Ultrasonic Sensors for Mbot</basic_instruction>
				<involved_worker svnr="4392181276" entrydate="2014-10-15" unique_feature="dull">
					<first_name>Kelly</first_name>
					<last_name>Hendricks</last_name>
				</involved_worker>
			</plan>
		</plans>
	</artist>
	<artist artist_id="83">
		<first_name>Nicole</first_name>
		<last_name>Powers</last_name>
		<plans>
			<plan plan_id="284" status="finished" priority="medium">
				<endproduct_name>The navy willing Lamp</endproduct_name>
				<basic_instruction>Make a Lamp</basic_instruction>
				<involved_worker svnr="8233121084" entrydate="2015-11-19" unique_feature="selfish">
					<first_name>Betty</first_name>
					<last_name>Burt</last_name>
				</involved_worker>
			</plan>
			<plan plan_id="528" status="almost finished" priority="very low">
				<endproduct_name>The maroon constant Spoon</endproduct_name>
				<basic_instruction>I would like you to do for me a STL file with Spoon</basic_instruction>
				<involved_worker svnr="6655271171" entrydate="2013-06-17" unique_feature="carefree">
					<first_name>Jeffrey</first_name>
					<last_name>Molina</last_name>
				</involved_worker>
			</plan>
		</plans>
	</artist>
	<artist artist_id="84">
		<first_name>Michael</first_name>
		<last_name>Noel</last_name>
		<plans>
			<plan plan_id="260" status="almost finished" priority="medium">
				<endproduct_name>The magenta busy USB Stick</endproduct_name>
				<basic_instruction>Create a USB Stick</basic_instruction>
				<involved_worker svnr="3774171085" entrydate="2015-11-06" unique_feature="generous">
					<first_name>Michelle</first_name>
					<last_name>Mcdaniel</last_name>
				</involved_worker>
			</plan>
			<plan plan_id="367" status="cancelled" priority="low">
				<endproduct_name>The yellow suitable USB Stick</endproduct_name>
				<basic_instruction>Please design me a USB Stick</basic_instruction>
				<involved_worker svnr="9744221284" entrydate="2018-04-10" unique_feature="modest">
					<first_name>Michelle</first_name>
					<last_name>Castro</last_name>
				</involved_worker>
			</plan>
			<plan plan_id="465" status="ready to prepare" priority="very low">
				<endproduct_name>The red proper USB Stick</endproduct_name>
				<basic_instruction>I would like you to do for me a STL file with USB Stick</basic_instruction>
				<involved_worker svnr="3616251276" entrydate="2013-05-02" unique_feature="cautious">
					<first_name>Kelly</first_name>
					<last_name>Noble</last_name>
				</involved_worker>
			</plan>
		</plans>
	</artist>
	<artist artist_id="85">
		<first_name>Keith</first_name>
		<last_name>Pope</last_name>
		<plans>
			<plan plan_id="790" status="working" priority="very low">
				<endproduct_name>The white budget Wallet</endproduct_name>
				<basic_instruction>Please design me a Wallet</basic_instruction>
				<involved_worker svnr="5365161293" entrydate="2014-08-26" unique_feature="mean">
					<first_name>James</first_name>
					<last_name>Barr</last_name>
				</involved_worker>
			</plan>
		</plans>
	</artist>
	<artist artist_id="86">
		<first_name>Jonathan</first_name>
		<last_name>Morin</last_name>
		<plans>
			<plan plan_id="166" status="cancelled" priority="very low">
				<endproduct_name>The teal rough Latex Book</endproduct_name>
				<basic_instruction>Please design me a Latex Book</basic_instruction>
				<involved_worker svnr="5766261087" entrydate="2014-01-19" unique_feature="bad-tempered">
					<first_name>Kimberly</first_name>
					<last_name>Moreno</last_name>
				</involved_worker>
			</plan>
			<plan plan_id="427" status="finished" priority="medium">
				<endproduct_name>The turquoise sensitive Helmet</endproduct_name>
				<basic_instruction>Make a Helmet</basic_instruction>
				<involved_worker svnr="7287141298" entrydate="2013-11-05" unique_feature="reliable">
					<first_name>Roger</first_name>
					<last_name>Cannon</last_name>
				</involved_worker>
			</plan>
			<plan plan_id="803" status="ready to prepare" priority="low">
				<endproduct_name>The turquoise sad Dog</endproduct_name>
				<basic_instruction>I would like you to do for me a STL file with Dog</basic_instruction>
				<involved_worker svnr="1643121179" entrydate="2015-09-03" unique_feature="charming">
					<first_name>Harry</first_name>
					<last_name>Lara</last_name>
				</involved_worker>
			</plan>
		</plans>
	</artist>
	<artist artist_id="87">
		<first_name>Jordan</first_name>
		<last_name>Johns</last_name>
		<plans>
			<plan plan_id="125" status="almost finished" priority="very high">
				<endproduct_name>The indigo sure USB Stick</endproduct_name>
				<basic_instruction>I would like you to do for me a STL file with USB Stick</basic_instruction>
				<involved_worker svnr="2814141087" entrydate="2017-02-27" unique_feature="conservative">
					<first_name>Laura</first_name>
					<last_name>Beasley</last_name>
				</involved_worker>
			</plan>
			<plan plan_id="381" status="working" priority="medium">
				<endproduct_name>The aquamarine dress Lamp</endproduct_name>
				<basic_instruction>Make a Lamp</basic_instruction>
				<involved_worker svnr="5345161288" entrydate="2013-12-21" unique_feature="mean">
					<first_name>Jesse</first_name>
					<last_name>Pacheco</last_name>
				</involved_worker>
			</plan>
		</plans>
	</artist>
	<artist artist_id="88">
		<first_name>Harold</first_name>
		<last_name>Hale</last_name>
		<plans>
			<plan plan_id="483" status="prepared" priority="low">
				<endproduct_name>The blue careful Box</endproduct_name>
				<basic_instruction>Please design me a Box</basic_instruction>
				<involved_worker svnr="7303171081" entrydate="2018-01-23" unique_feature="lazy">
					<first_name>Ann</first_name>
					<last_name>Cruz</last_name>
				</involved_worker>
			</plan>
			<plan plan_id="927" status="prepared" priority="very low">
				<endproduct_name>The lime junior Computer</endproduct_name>
				<basic_instruction>Make a Computer</basic_instruction>
				<involved_worker svnr="4529261192" entrydate="2018-01-18" unique_feature="charming">
					<first_name>Donna</first_name>
					<last_name>Craft</last_name>
				</involved_worker>
			</plan>
		</plans>
	</artist>
	<artist artist_id="89">
		<first_name>Lori</first_name>
		<last_name>Schneider</last_name>
		<plans>
			<plan plan_id="586" status="prepared" priority="very high">
				<endproduct_name>The maroon dramatic Clock</endproduct_name>
				<basic_instruction>I would like you to do for me a STL file with Clock</basic_instruction>
				<involved_worker svnr="5254121289" entrydate="2014-04-27" unique_feature="carefree">
					<first_name>Joyce</first_name>
					<last_name>Sargent</last_name>
				</involved_worker>
			</plan>
			<plan plan_id="816" status="prepared" priority="high">
				<endproduct_name>The blue consistent Hoover</endproduct_name>
				<basic_instruction>Create a Hoover</basic_instruction>
				<involved_worker svnr="5120201085" entrydate="2016-08-15" unique_feature="brave">
					<first_name>Anna</first_name>
					<last_name>Weiss</last_name>
				</involved_worker>
			</plan>
		</plans>
	</artist>
	<artist artist_id="90">
		<first_name>Eugene</first_name>
		<last_name>Guerra</last_name>
		<plans>
			<plan plan_id="106" status="almost finished" priority="very high">
				<endproduct_name>The olive original Box</endproduct_name>
				<basic_instruction>Make a Box</basic_instruction>
				<involved_worker svnr="4567231189" entrydate="2013-05-16" unique_feature="conventional">
					<first_name>Thomas</first_name>
					<last_name>Glenn</last_name>
				</involved_worker>
			</plan>
			<plan plan_id="288" status="cancelled" priority="low">
				<endproduct_name>The blue comfortable USB Stick</endproduct_name>
				<basic_instruction>Please design me a USB Stick</basic_instruction>
				<involved_worker svnr="7399151189" entrydate="2015-10-14" unique_feature="shy - introverted">
					<first_name>Johnny</first_name>
					<last_name>Hatfield</last_name>
				</involved_worker>
			</plan>
			<plan plan_id="985" status="working" priority="medium">
				<endproduct_name>The yellow day Smartphone</endproduct_name>
				<basic_instruction>Create a Smartphone</basic_instruction>
				<involved_worker svnr="5212101070" entrydate="2014-02-26" unique_feature="ambitious">
					<first_name>Emily</first_name>
					<last_name>Finch</last_name>
				</involved_worker>
			</plan>
		</plans>
	</artist>
	<artist artist_id="91">
		<first_name>Alexander</first_name>
		<last_name>Forbes</last_name>
		<plans>
			<plan plan_id="324" status="finished" priority="very low">
				<endproduct_name>The green desperate Bag</endproduct_name>
				<basic_instruction>I would like you to do for me a STL file with Bag</basic_instruction>
				<involved_worker svnr="3241271082" entrydate="2018-03-08" unique_feature="kind">
					<first_name>Dennis</first_name>
					<last_name>Bird</last_name>
				</involved_worker>
			</plan>
		</plans>
	</artist>
	<artist artist_id="92">
		<first_name>Andrew</first_name>
		<last_name>Merrill</last_name>
		<plans>
			<plan plan_id="571" status="working" priority="low">
				<endproduct_name>The red best Clock</endproduct_name>
				<basic_instruction>Please design me a Clock</basic_instruction>
				<involved_worker svnr="5588111095" entrydate="2018-06-03" unique_feature="cantankerous">
					<first_name>Beverly</first_name>
					<last_name>Hendrix</last_name>
				</involved_worker>
			</plan>
			<plan plan_id="781" status="prepared" priority="high">
				<endproduct_name>The green massive Computer</endproduct_name>
				<basic_instruction>Make a Computer</basic_instruction>
				<involved_worker svnr="3233231189" entrydate="2016-07-16" unique_feature="friendly">
					<first_name>Elizabeth</first_name>
					<last_name>Foley</last_name>
				</involved_worker>
			</plan>
		</plans>
	</artist>
	<artist artist_id="93">
		<first_name>Sarah</first_name>
		<last_name>Frazier</last_name>
		<plans>
			<plan plan_id="107" status="cancelled" priority="medium">
				<endproduct_name>The lime main CD Elton John</endproduct_name>
				<basic_instruction>Please design me a CD Elton John</basic_instruction>
				<involved_worker svnr="4120101296" entrydate="2014-02-26" unique_feature="reliable">
					<first_name>Alexander</first_name>
					<last_name>Hopper</last_name>
				</involved_worker>
			</plan>
		</plans>
	</artist>
	<artist artist_id="94">
		<first_name>Kyle</first_name>
		<last_name>Tate</last_name>
		<plans>
			<plan plan_id="474" status="cancelled" priority="medium">
				<endproduct_name>The cyan salt Ultrasonic Sensors for Mbot</endproduct_name>
				<basic_instruction>Create a Ultrasonic Sensors for Mbot</basic_instruction>
				<involved_worker svnr="8954141277" entrydate="2013-09-01" unique_feature="boring">
					<first_name>Amanda</first_name>
					<last_name>Christian</last_name>
				</involved_worker>
			</plan>
			<plan plan_id="479" status="working" priority="low">
				<endproduct_name>The violet flat Filament</endproduct_name>
				<basic_instruction>Make a Filament</basic_instruction>
				<involved_worker svnr="1461181094" entrydate="2016-11-17" unique_feature="argumentative">
					<first_name>Gabriel</first_name>
					<last_name>Pruitt</last_name>
				</involved_worker>
			</plan>
			<plan plan_id="582" status="cancelled" priority="low">
				<endproduct_name>The teal active Spoon</endproduct_name>
				<basic_instruction>I would like you to do for me a STL file with Spoon</basic_instruction>
				<involved_worker svnr="8748251177" entrydate="2018-06-26" unique_feature="naive">
					<first_name>Gabriel</first_name>
					<last_name>Gutierrez</last_name>
				</involved_worker>
			</plan>
		</plans>
	</artist>
	<artist artist_id="95">
		<first_name>Samantha</first_name>
		<last_name>Long</last_name>
		<plans>
			<plan plan_id="17" status="prepared" priority="high">
				<endproduct_name>The lime what Lamp</endproduct_name>
				<basic_instruction>Please design me a Lamp</basic_instruction>
				<involved_worker svnr="3458271282" entrydate="2013-10-15" unique_feature="carefree">
					<first_name>Hannah</first_name>
					<last_name>Higgins</last_name>
				</involved_worker>
			</plan>
		</plans>
	</artist>
	<artist artist_id="96">
		<first_name>Samuel</first_name>
		<last_name>Stanley</last_name>
		<plans>
			<plan plan_id="340" status="working" priority="very low">
				<endproduct_name>The maroon mean Helmet</endproduct_name>
				<basic_instruction>I would like you to do for me a STL file with Helmet</basic_instruction>
				<involved_worker svnr="2062131074" entrydate="2015-02-15" unique_feature="mean">
					<first_name>Janice</first_name>
					<last_name>Whitaker</last_name>
				</involved_worker>
			</plan>
			<plan plan_id="820" status="working" priority="low">
				<endproduct_name>The silver true Guitar</endproduct_name>
				<basic_instruction>Create a Guitar</basic_instruction>
				<involved_worker svnr="9851171280" entrydate="2018-05-11" unique_feature="argumentative">
					<first_name>Keith</first_name>
					<last_name>Kelly</last_name>
				</involved_worker>
			</plan>
		</plans>
	</artist>
	<artist artist_id="97">
		<first_name>Anthony</first_name>
		<last_name>Cantu</last_name>
		<plans>
			<plan plan_id="643" status="working" priority="medium">
				<endproduct_name>The indigo chemical Cable</endproduct_name>
				<basic_instruction>I would like you to do for me a STL file with Cable</basic_instruction>
				<involved_worker svnr="9885251289" entrydate="2013-06-24" unique_feature="narrow-minded">
					<first_name>Terry</first_name>
					<last_name>Pollard</last_name>
				</involved_worker>
			</plan>
		</plans>
	</artist>
	<artist artist_id="98">
		<first_name>Bruce</first_name>
		<last_name>Welch</last_name>
		<plans/>
	</artist>
	<artist artist_id="99">
		<first_name>Natalie</first_name>
		<last_name>Hall</last_name>
		<plans>
			<plan plan_id="589" status="almost finished" priority="high">
				<endproduct_name>The violet another Filament</endproduct_name>
				<basic_instruction>I would like you to do for me a STL file with Filament</basic_instruction>
				<involved_worker svnr="3310231278" entrydate="2016-07-23" unique_feature="ambitious">
					<first_name>Margaret</first_name>
					<last_name>Brock</last_name>
				</involved_worker>
			</plan>
		</plans>
	</artist>
</root>